,Global_active_power,Voltage,Global_reactive_power,Global_intensity
Global_active_power,1.0,-0.39206761770327175,0.2439390907298058,0.9988569987043837
Voltage,-0.39206761770327175,1.0,-0.11295323833688858,-0.40373778038932456
Global_reactive_power,0.2439390907298058,-0.11295323833688858,1.0,0.2636635369783311
Global_intensity,0.9988569987043837,-0.40373778038932456,0.2636635369783311,1.0
