{
    "mean_power": 1.0916150365005453,
    "std_power": 1.0572941610939872,
    "threshold": 4.263497519782507
}